{"cameraMode":{"drawMode":0,"name":"Shaded","section":"Shading Mode"},"sceneLighting":true,"audioPlay":false,"sceneViewState":{"showFog":true,"showMaterialUpdate":false,"showSkybox":true,"showFlares":true,"showImageEffects":true,"showParticleSystems":true},"in2DMode":false,"pivot":{"x":-3.6768202781677248,"y":1.1782569885253907,"z":-2.2020578384399416},"rotation":{"x":-0.1804957538843155,"y":0.007948570884764195,"z":-0.0014941907720640302,"w":-0.9835425019264221},"size":11.176355361938477,"orthographic":true}