{"cameraMode":{"drawMode":0,"name":"Shaded","section":"Shading Mode"},"sceneLighting":false,"audioPlay":false,"sceneViewState":{"showFog":true,"showMaterialUpdate":false,"showSkybox":false,"showFlares":true,"showImageEffects":true,"showParticleSystems":true},"in2DMode":false,"pivot":{"x":-1.7105042934417725,"y":5.707510948181152,"z":5.448972702026367},"rotation":{"x":-0.08052994310855866,"y":0.4175783097743988,"z":-0.03718602657318115,"w":-0.9043011665344238},"size":8.497937202453614,"orthographic":false}