{"cameraMode":{"drawMode":0,"name":"Shaded","section":"Shading Mode"},"sceneLighting":true,"audioPlay":false,"sceneViewState":{"showFog":true,"showMaterialUpdate":false,"showSkybox":true,"showFlares":true,"showImageEffects":true,"showParticleSystems":true},"in2DMode":false,"pivot":{"x":-0.10315895080566406,"y":-6.882352828979492,"z":-8.01544189453125},"rotation":{"x":0.06540125608444214,"y":0.3161911368370056,"z":-0.021809309720993043,"w":0.9461872577667236},"size":28.793258666992189,"orthographic":true}