{"cameraMode":{"drawMode":0,"name":"Shaded","section":"Shading Mode"},"sceneLighting":true,"audioPlay":false,"sceneViewState":{"showFog":true,"showMaterialUpdate":false,"showSkybox":true,"showFlares":true,"showImageEffects":true,"showParticleSystems":true},"in2DMode":false,"pivot":{"x":-2.714824676513672,"y":-5.704885005950928,"z":5.671516418457031},"rotation":{"x":-0.198245570063591,"y":-0.047910917550325397,"z":0.00970256794244051,"w":-0.9789326786994934},"size":23.0318660736084,"orthographic":false}