{"cameraMode":{"drawMode":0,"name":"Shaded","section":"Shading Mode"},"sceneLighting":true,"audioPlay":false,"sceneViewState":{"showFog":true,"showMaterialUpdate":false,"showSkybox":true,"showFlares":true,"showImageEffects":true,"showParticleSystems":true},"in2DMode":false,"pivot":{"x":1.0734443664550782,"y":-2.0759639739990236,"z":4.99627685546875},"rotation":{"x":-0.018941743299365045,"y":-0.23854520916938783,"z":0.004616228863596916,"w":-0.9709357023239136},"size":11.606809616088868,"orthographic":true}