{"cameraMode":{"drawMode":0,"name":"Shaded","section":"Shading Mode"},"sceneLighting":false,"audioPlay":false,"sceneViewState":{"showFog":true,"showMaterialUpdate":false,"showSkybox":true,"showFlares":true,"showImageEffects":true,"showParticleSystems":true},"in2DMode":false,"pivot":{"x":-0.32032161951065066,"y":0.0000019061545799559099,"z":3.8264243602752687},"rotation":{"x":-0.3282558023929596,"y":0.38416019082069399,"z":0.14833886921405793,"w":0.8500968813896179},"size":18.598812103271486,"orthographic":true}