{"cameraMode":{"drawMode":0,"name":"Shaded","section":"Shading Mode"},"sceneLighting":false,"audioPlay":false,"sceneViewState":{"showFog":true,"showMaterialUpdate":false,"showSkybox":false,"showFlares":true,"showImageEffects":true,"showParticleSystems":true},"in2DMode":false,"pivot":{"x":0.03830813989043236,"y":2.3503310680389406,"z":4.541410446166992},"rotation":{"x":0.16213852167129517,"y":-0.2720182240009308,"z":0.04655376821756363,"w":0.947391152381897},"size":13.041370391845704,"orthographic":true}