{"cameraMode":{"drawMode":0,"name":"Shaded","section":"Shading Mode"},"sceneLighting":false,"audioPlay":false,"sceneViewState":{"showFog":true,"showMaterialUpdate":false,"showSkybox":false,"showFlares":true,"showImageEffects":true,"showParticleSystems":true},"in2DMode":false,"pivot":{"x":1.318206787109375,"y":3.989950180053711,"z":4.107812881469727},"rotation":{"x":-0.10948348790407181,"y":0.16823238134384156,"z":-0.018804362043738366,"w":-0.979468047618866},"size":7.73962926864624,"orthographic":false}