{"cameraMode":{"drawMode":0,"name":"Shaded","section":"Shading Mode"},"sceneLighting":true,"audioPlay":false,"sceneViewState":{"showFog":true,"showMaterialUpdate":false,"showSkybox":true,"showFlares":true,"showImageEffects":true,"showParticleSystems":true},"in2DMode":false,"pivot":{"x":0.15230274200439454,"y":-0.3477597236633301,"z":9.513327598571778},"rotation":{"x":0.13223598897457124,"y":-0.11273962259292603,"z":0.01514982059597969,"w":0.9846695065498352},"size":6.647599697113037,"orthographic":true}