{"cameraMode":{"drawMode":0,"name":"Shaded","section":"Shading Mode"},"sceneLighting":false,"audioPlay":false,"sceneViewState":{"showFog":true,"showMaterialUpdate":false,"showSkybox":true,"showFlares":true,"showImageEffects":true,"showParticleSystems":true},"in2DMode":false,"pivot":{"x":-0.32032161951065066,"y":0.0000019061545799559099,"z":3.8264243602752687},"rotation":{"x":0.13332173228263856,"y":0.06381212919950485,"z":-0.008602810092270375,"w":0.988978922367096},"size":19.435758590698243,"orthographic":true}