{"cameraMode":{"drawMode":0,"name":"Shaded","section":"Shading Mode"},"sceneLighting":true,"audioPlay":false,"sceneViewState":{"showFog":true,"showMaterialUpdate":false,"showSkybox":true,"showFlares":true,"showImageEffects":true,"showParticleSystems":true},"in2DMode":false,"pivot":{"x":0.8496503829956055,"y":-1.46266508102417,"z":7.320168495178223},"rotation":{"x":0.07264041155576706,"y":0.14607731997966767,"z":-0.010746350511908532,"w":0.986544132232666},"size":9.80939769744873,"orthographic":true}